Workbook

Sheet Roster
A1: Adleta Infor M3 — Department User Roster
A2: Super User | B2: Department | C2: First Name | D2: Last Name | E2: Job Title | F2: Email | G2: Training Status | H2: Notes
A3: Alan Burk | B3: Purchasing / Inventory Control | C3: Jose | D3: Najera | E3: Inventory Control | F3: jose.najera@adleta.com | G3: Not Scheduled
A4: Alan Burk | B4: Purchasing / Inventory Control | C4: Mark | D4: Smith | E4: Inventory Control Supervisor | F4: mark.smith@adleta.com | G4: Not Scheduled
A5: Alan Burk | B5: Purchasing / Inventory Control | C5: Tommy | D5: Whitworth | E5: Replenishment Manager | F5: tommy.whitworth@adleta.com | G5: Not Scheduled
A6: Alan Burk | B6: Purchasing / Inventory Control | C6: Xavier | D6: Juarez | E6: Warehouse Inventory Control Assistant | F6: xavier.juarez@adleta.com | G6: Not Scheduled
A7: Jose Manjarrez | B7: Warehouse | C7: Adolfo | D7: Sotelo | E7: Warehouse | F7: adolfo.sotelo@adleta.com | G7: Not Scheduled
A8: Jose Manjarrez | B8: Warehouse | C8: Daniel | D8: Molina | E8: 1st Shift Warehouse Supervisor | F8: daniel.molina@adleta.com | G8: Not Scheduled
A9: Jose Manjarrez | B9: Warehouse | C9: Enrique | D9: Manjarrez | E9: Warehouse Manager | F9: enrique.manjarrez@adleta.com | G9: Not Scheduled
A10: Jose Manjarrez | B10: Warehouse | C10: Erasto | D10: Solache | E10: 2nd Shift Warehouse Supervisor | F10: erasto.solache@adleta.com | G10: Not Scheduled
A11: Jose Manjarrez | B11: Warehouse | C11: Fernando | D11: Abarca | E11: Warehouse | F11: fernando.abarca@adleta.com | G11: Not Scheduled
A12: Jose Manjarrez | B12: Warehouse | C12: Francisco | D12: Manjarrez | E12: Warehouse | F12: fancisco.manjarrez@adleta.com | G12: Not Scheduled
A13: Jose Manjarrez | B13: Warehouse | C13: Francisco | D13: Ramirez | E13: Warehouse | F13: francisco.ramirez@adleta.com | G13: Not Scheduled
A14: Jose Manjarrez | B14: Warehouse | C14: Ira | D14: Arnold | E14: Warehouse | F14: ira.arnold@adleta.com | G14: Not Scheduled
... A94: Lauren Calvey | B94: Product Management | C94: Matt | D94: Heinemann | E94: Residential LVT & Laminate Product Manager | F94: matt.heinemann@adleta.com | G94: Not Scheduled

Sheet Summary
A1: Adleta Infor M3 — Training Status Summary
A2: Super User | B2: Department | C2: Total Users | D2: Not Scheduled | E2: Scheduled | F2: In Training | G2: Completed | H2: Needs Follow-up
A3: Alan Burk | B3: Purchasing / Inventory Control | C3: =COUNTIF(Roster!A:A,A3) -> 4 | D3: =COUNTIFS(Roster!A:A,A3,Roster!G:G,"Not Scheduled") -> 4 | E3: =COUNTIFS(Roster!A:A,A3,Roster!G:G,"Scheduled") -> 0 | F3: =COUNTIFS(Roster!A:A,A3,Roster!G:G,"In Training") -> 0 | G3: =COUNTIFS(Roster!A:A,A3,Roster!G:G,"Completed") -> 0 | H3: =COUNTIFS(Roster!A:A,A3,Roster!G:G,"Needs Follow-up") -> 0
A4: Jose Manjarrez | B4: Warehouse | C4: =COUNTIF(Roster!A:A,A4) -> 21 | D4: =COUNTIFS(Roster!A:A,A4,Roster!G:G,"Not Scheduled") -> 21 | E4: =COUNTIFS(Roster!A:A,A4,Roster!G:G,"Scheduled") -> 0 | F4: =COUNTIFS(Roster!A:A,A4,Roster!G:G,"In Training") -> 0 | G4: =COUNTIFS(Roster!A:A,A4,Roster!G:G,"Completed") -> 0 | H4: =COUNTIFS(Roster!A:A,A4,Roster!G:G,"Needs Follow-up") -> 0
A5: Tony Shipka | B5: Customer Service / Order Entry | C5: =COUNTIF(Roster!A:A,A5) -> 8 | D5: =COUNTIFS(Roster!A:A,A5,Roster!G:G,"Not Scheduled") -> 8 | E5: =COUNTIFS(Roster!A:A,A5,Roster!G:G,"Scheduled") -> 0 | F5: =COUNTIFS(Roster!A:A,A5,Roster!G:G,"In Training") -> 0 | G5: =COUNTIFS(Roster!A:A,A5,Roster!G:G,"Completed") -> 0 | H5: =COUNTIFS(Roster!A:A,A5,Roster!G:G,"Needs Follow-up") -> 0
A6: Jeanell Coral | B6: Sales / CRM & Pricing / Reporting | C6: =COUNTIF(Roster!A:A,A6) -> 37 | D6: =COUNTIFS(Roster!A:A,A6,Roster!G:G,"Not Scheduled") -> 37 | E6: =COUNTIFS(Roster!A:A,A6,Roster!G:G,"Scheduled") -> 0 | F6: =COUNTIFS(Roster!A:A,A6,Roster!G:G,"In Training") -> 0 | G6: =COUNTIFS(Roster!A:A,A6,Roster!G:G,"Completed") -> 0 | H6: =COUNTIFS(Roster!A:A,A6,Roster!G:G,"Needs Follow-up") -> 0
A7: Philip Jones | B7: Accounting | C7: =COUNTIF(Roster!A:A,A7) -> 6 | D7: =COUNTIFS(Roster!A:A,A7,Roster!G:G,"Not Scheduled") -> 6 | E7: =COUNTIFS(Roster!A:A,A7,Roster!G:G,"Scheduled") -> 0 | F7: =COUNTIFS(Roster!A:A,A7,Roster!G:G,"In Training") -> 0 | G7: =COUNTIFS(Roster!A:A,A7,Roster!G:G,"Completed") -> 0 | H7: =COUNTIFS(Roster!A:A,A7,Roster!G:G,"Needs Follow-up") -> 0
A8: Abbey Parker | B8: Logistics / Transportation | C8: =COUNTIF(Roster!A:A,A8) -> 14 | D8: =COUNTIFS(Roster!A:A,A8,Roster!G:G,"Not Scheduled") -> 14 | E8: =COUNTIFS(Roster!A:A,A8,Roster!G:G,"Scheduled") -> 0 | F8: =COUNTIFS(Roster!A:A,A8,Roster!G:G,"In Training") -> 0 | G8: =COUNTIFS(Roster!A:A,A8,Roster!G:G,"Completed") -> 0 | H8: =COUNTIFS(Roster!A:A,A8,Roster!G:G,"Needs Follow-up") -> 0
A9: Lauren Calvey | B9: Product Management | C9: =COUNTIF(Roster!A:A,A9) -> 2 | D9: =COUNTIFS(Roster!A:A,A9,Roster!G:G,"Not Scheduled") -> 2 | E9: =COUNTIFS(Roster!A:A,A9,Roster!G:G,"Scheduled") -> 0 | F9: =COUNTIFS(Roster!A:A,A9,Roster!G:G,"In Training") -> 0 | G9: =COUNTIFS(Roster!A:A,A9,Roster!G:G,"Completed") -> 0 | H9: =COUNTIFS(Roster!A:A,A9,Roster!G:G,"Needs Follow-up") -> 0
A10: TOTAL | C10: =SUM(C3:C9) -> 92 | D10: =SUM(D3:D9) -> 92 | E10: =SUM(E3:E9) -> 0 | F10: =SUM(F3:F9) -> 0 | G10: =SUM(G3:G9) -> 0 | H10: =SUM(H3:H9) -> 0

Sheet Instructions
B1: How To Use This Workbook
A3: ROSTER
A4: 1. | B4: Go to the Roster tab.
A5: 2. | B5: All current Adleta employees have been pre-populated based on department.
A6: 3. | B6: Super User: the assigned super user for each person's department is already set.
A7: 4. | B7: Training Status: update each person's status as training progresses.
A8: 5. | B8: Notes: add shift, location, priority, or specific topic needs.
A9: 6. | B9: To add a new employee: fill in a blank row at the bottom.
A10: 7. | B10: To add more rows: copy an existing row to preserve formatting and dropdowns.
A12: SUMMARY
A13: * | B13: The Summary tab automatically counts users and status totals for each super user.
A14: * | B14: It updates automatically as you update the Roster — no manual changes needed.
A15: * | B15: Use it to track overall training progress at a glance.
A17: STATUSES
A18: * | B18: Not Scheduled — training has not yet been scheduled for this person.
A19: * | B19: Scheduled — training date is confirmed.
A20: * | B20: In Training — currently working through training sessions.
A21: * | B21: Completed — all required training finished.
A22: * | B22: Needs Follow-up — completed but needs additional coaching or recheck.
A24: TIPS
A25: * | B25: Sort or filter by Super User or Training Status to focus on one group.
A26: * | B26: Update Training Status regularly so the Summary stays accurate.
A27: * | B27: Contact KRISTENB to add a new super user to the dropdown list.
